County,totalItems,People,State,Population,medHousInc,Bachelor,MarketShare,FullName,Coastline,Sea
Accomack County,6859,358,VA,32412.0,42879.0,18.5,0.0034000000000000002,Virginia,112.0,True
Adams County,18,1,CO,511868.0,70199.0,23.6,0.07980000000000001,Colorado,0.0,True
Adams County,3792,43,PA,102811.0,62877.0,22.4,0.0051,Pennsylvania,0.0,True
Alachua County,131,16,FL,269956.0,51026.0,42.5,0.046,Florida,1350.0,True
Alameda County,360845,18586,CA,1666753.0,101744.0,46.0,0.08130000000000001,California,840.0,True
Albemarle County,237,1589,VA,108718.0,80392.0,53.5,0.0034000000000000002,Virginia,112.0,True
Alcona County,1393,170,MI,10362.0,39862.0,15.7,0.0125,Michigan,0.0,True
Allegan County,12320,198,MI,117327.0,62247.0,22.7,0.0125,Michigan,0.0,True
Allegheny County,6190,12712,PA,1218452.0,59881.0,40.7,0.0051,Pennsylvania,0.0,True
Alpena County,1896,238,MI,28360.0,42792.0,17.5,0.0125,Michigan,0.0,True
Amador County,120,55,CA,39383.0,58515.0,20.3,0.08130000000000001,California,840.0,True
Amherst County,66,31,VA,31666.0,50580.0,19.2,0.0034000000000000002,Virginia,112.0,True
Androscoggin County,115,2,ME,107679.0,49935.0,22.2,0.018000000000000002,Maine,228.0,True
Angelina County,28,139,TX,87092.0,46653.0,16.3,0.0036,Texas,367.0,True
Anne Arundel County,6910,442,MD,576031.0,97051.0,40.9,0.0138,Maryland,31.0,True
Antrim County,91,17,MI,23365.0,56456.0,28.2,0.0125,Michigan,0.0,True
Appomattox County,565,110,VA,15841.0,51131.0,19.8,0.0034000000000000002,Virginia,112.0,True
Aransas County,8672,55,TX,23792.0,46912.0,21.7,0.0036,Texas,367.0,True
Arapahoe County,14,2,CO,651215.0,76665.0,42.2,0.07980000000000001,Colorado,0.0,True
Arenac County,212,16,MI,15041.0,42540.0,11.8,0.0125,Michigan,0.0,True
Arlington County,6227,1231,VA,237521.0,120950.0,74.6,0.0034000000000000002,Virginia,112.0,True
Ashe County,1456,235,NC,27109.0,41864.0,19.0,0.0070999999999999995,North Carolina,301.0,True
Ashland County,2274,40,WI,15600.0,44627.0,21.1,0.0027,Wisconsin,0.0,True
Ashtabula County,18519,278,OH,97493.0,46950.0,14.1,0.0060999999999999995,Ohio,0.0,True
Atlantic County,130257,3186,NJ,265429.0,60826.0,27.4,0.0078000000000000005,New Jersey,130.0,True
Austin County,3,2,TX,29989.0,59942.0,23.5,0.0036,Texas,367.0,True
Baker County,3306,392,GA,3092.0,38288.0,12.3,0.0406,Georgia,100.0,True
Baker County,2054,169,OR,16006.0,45972.0,22.3,0.0054,Oregon,296.0,True
Baldwin County,1198,3708,GA,44823.0,42727.0,20.9,0.0406,Georgia,100.0,True
Baltimore County,33671,10429,MD,828431.0,75836.0,38.6,0.0138,Maryland,31.0,True
Baraga County,10808,48,MI,8320.0,43435.0,14.5,0.0125,Michigan,0.0,True
Barnstable County,56983,1169,MA,213413.0,69001.0,42.8,0.0137,Massachusetts,192.0,True
Barton County,285,2,MO,11798.0,41583.0,18.1,0.0124,Missouri,0.0,True
Bartow County,490,198,GA,106408.0,57409.0,19.5,0.0406,Georgia,100.0,True
Bastrop County,70,20,TX,86976.0,61883.0,20.4,0.0036,Texas,367.0,True
Bath County,106,2,VA,4292.0,50564.0,14.9,0.0034000000000000002,Virginia,112.0,True
Bay County,26285,485,FL,185287.0,51777.0,22.8,0.046,Florida,1350.0,True
Bay County,812,91,MI,103923.0,50576.0,18.9,0.0125,Michigan,0.0,True
Bayfield County,1373,21,WI,15042.0,53637.0,30.5,0.0027,Wisconsin,0.0,True
Beaufort County,328,9,NC,47079.0,46411.0,19.4,0.0070999999999999995,North Carolina,301.0,True
Beaufort County,36524,1353,SC,188715.0,65843.0,40.3,0.0039000000000000003,South Carolina,187.0,True
Beaver County,3765,493,PA,164742.0,54823.0,23.7,0.0051,Pennsylvania,0.0,True
Bell County,35,193,TX,355642.0,54292.0,24.5,0.0036,Texas,367.0,True
Benton County,317,35,OR,92101.0,63600.0,53.6,0.0054,Oregon,296.0,True
Benton County,450,3,WA,201877.0,69212.0,30.0,0.0033,Washington,157.0,True
Benzie County,24534,284,MI,17753.0,51905.0,29.3,0.0125,Michigan,0.0,True
Bergen County,14091,680,NJ,936692.0,100181.0,48.3,0.0078000000000000005,New Jersey,130.0,True
Berkeley County,8890,350,SC,221091.0,62204.0,23.8,0.0039000000000000003,South Carolina,187.0,True
Berks County,2973,808,PA,420152.0,62519.0,24.5,0.0051,Pennsylvania,0.0,True
Berkshire County,1,14,MA,126348.0,58375.0,33.4,0.0137,Massachusetts,192.0,True
Berrien County,391,75,GA,19252.0,39412.0,11.8,0.0406,Georgia,100.0,True
Berrien County,25081,266,MI,154141.0,51509.0,27.7,0.0125,Michigan,0.0,True
Bexar County,310,116,TX,1986049.0,54210.0,27.6,0.0036,Texas,367.0,True
Bibb County,2,710,GA,153095.0,41390.0,25.7,0.0406,Georgia,100.0,True
Big Horn County,4,1,WY,11881.0,55195.0,18.8,0.0026,Wyoming,0.0,True
Blair County,40,139,PA,122492.0,49244.0,20.8,0.0051,Pennsylvania,0.0,True
Boone County,360,6,IN,66999.0,85876.0,48.3,0.0254,Indiana,0.0,True
Boone County,114,3,MO,180005.0,55136.0,46.0,0.0124,Missouri,0.0,True
Botetourt County,6906,640,VA,33277.0,71874.0,28.7,0.0034000000000000002,Virginia,112.0,True
Boulder County,2509,40,CO,326078.0,83591.0,60.8,0.07980000000000001,Colorado,0.0,True
Boyd County,44,1,KY,47240.0,48020.0,20.2,0.021,Kentucky,0.0,True
Brantley County,1450,15,GA,18897.0,41874.0,8.2,0.0406,Georgia,100.0,True
Brazoria County,91242,3131,TX,370200.0,74225.0,29.7,0.0036,Texas,367.0,True
Brevard County,132680,2981,FL,596849.0,57612.0,29.3,0.046,Florida,1350.0,True
Bristol County,40334,527,MA,564022.0,66005.0,28.0,0.0137,Massachusetts,192.0,True
Bristol County,63000,1046,RI,48649.0,80231.0,47.1,0.005,Rhode Island,40.0,True
Bronx County,77036,963,NY,1432132.0,38566.0,19.8,0.2709,New York,127.0,True
Bronx County,77036,963,NY,1432132.0,38566.0,19.8,0.0073,New York,127.0,True
Broward County,305719,7830,FL,1951260.0,57200.0,31.9,0.046,Florida,1350.0,True
Brown County,727,8,WI,263378.0,62097.0,29.6,0.0027,Wisconsin,0.0,True
Brunswick County,35338,1025,NC,136744.0,60163.0,28.6,0.0070999999999999995,North Carolina,301.0,True
Bryan County,26,6,GA,38109.0,79658.0,32.6,0.0406,Georgia,100.0,True
Buchanan County,2157,13,MO,88571.0,52506.0,20.7,0.0124,Missouri,0.0,True
Buchanan County,24,49,VA,21221.0,32144.0,10.6,0.0034000000000000002,Virginia,112.0,True
Bucks County,22309,1515,PA,628195.0,88538.0,40.5,0.0051,Pennsylvania,0.0,True
Buncombe County,1406,153,NC,259103.0,53960.0,39.2,0.0070999999999999995,North Carolina,301.0,True
Burke County,4343,42,GA,22423.0,42785.0,12.6,0.0406,Georgia,100.0,True
Burke County,14,1,NC,90382.0,44946.0,16.6,0.0070999999999999995,North Carolina,301.0,True
Burlington County,17201,280,NJ,445384.0,84470.0,37.5,0.0078000000000000005,New Jersey,130.0,True
Butler County,2,105,PA,187888.0,67161.0,35.4,0.0051,Pennsylvania,0.0,True
Butte County,416,655,CA,231256.0,50945.0,26.5,0.08130000000000001,California,840.0,True
Butts County,1,18,GA,24193.0,48831.0,11.4,0.0406,Georgia,100.0,True
Cabarrus County,3444,357,NC,211342.0,69297.0,31.2,0.0070999999999999995,North Carolina,301.0,True
Calaveras County,0,106,CA,45602.0,62984.0,18.7,0.08130000000000001,California,840.0,True
Caldwell County,1,11,TX,43247.0,52588.0,14.8,0.0036,Texas,367.0,True
Calhoun County,25301,554,TX,21561.0,52085.0,15.0,0.0036,Texas,367.0,True
Callahan County,1,115,TX,13994.0,50330.0,19.1,0.0036,Texas,367.0,True
Callaway County,461,9,MO,44889.0,53970.0,22.2,0.0124,Missouri,0.0,True
Calvert County,6438,51,MD,92003.0,106270.0,31.1,0.0138,Maryland,31.0,True
Cambria County,1023,75,PA,131730.0,45163.0,21.4,0.0051,Pennsylvania,0.0,True
Camden County,2140,177,GA,53677.0,56555.0,24.5,0.0406,Georgia,100.0,True
Camden County,7533,78,NJ,507078.0,67135.0,31.8,0.0078000000000000005,New Jersey,130.0,True
Cameron County,142714,8367,TX,423908.0,38106.0,17.3,0.0036,Texas,367.0,True
Cameron Parish,7658,503,LA,6968.0,57299.0,11.6,0.02,Louisiana,397.0,True
Campbell County,5,1,TN,39583.0,39443.0,11.9,0.0039000000000000003,Tennessee,0.0,True
Candler County,896,28,GA,10836.0,35841.0,14.1,0.0406,Georgia,100.0,True
Cape May County,54788,1344,NJ,92560.0,62175.0,31.5,0.0078000000000000005,New Jersey,130.0,True
Carbon County,1383,49,PA,64227.0,53901.0,16.8,0.0051,Pennsylvania,0.0,True
Carroll County,1003,749,GA,118121.0,52502.0,20.6,0.0406,Georgia,100.0,True
Carroll County,519,2,MD,168429.0,95956.0,35.6,0.0138,Maryland,31.0,True
Carroll County,1234,41,VA,29636.0,41517.0,13.1,0.0034000000000000002,Virginia,112.0,True
Carteret County,79656,1800,NC,69524.0,55052.0,28.4,0.0070999999999999995,North Carolina,301.0,True
Caswell County,1,640,NC,22698.0,45517.0,15.5,0.0070999999999999995,North Carolina,301.0,True
Catoosa County,992,10,GA,67420.0,55807.0,20.8,0.0406,Georgia,100.0,True
Cayuga County,4126,52,NY,77145.0,52945.0,22.3,0.2709,New York,127.0,True
Cayuga County,4126,52,NY,77145.0,52945.0,22.3,0.0073,New York,127.0,True
Cecil County,2912,55,MD,102826.0,72739.0,22.8,0.0138,Maryland,31.0,True
Centre County,13,18,PA,162805.0,58258.0,44.7,0.0051,Pennsylvania,0.0,True
Chambers County,12874,169,TX,42454.0,89513.0,21.5,0.0036,Texas,367.0,True
Champaign County,2660,13,IL,209983.0,53251.0,44.4,0.0278,Illinois,0.0,True
Charles County,10,2,MD,161503.0,92616.0,28.9,0.0138,Maryland,31.0,True
Charleston County,100801,2436,SC,405905.0,62958.0,42.8,0.0039000000000000003,South Carolina,187.0,True
Charlevoix County,8397,562,MI,26244.0,54491.0,31.0,0.0125,Michigan,0.0,True
Charlotte County,93327,2389,FL,184998.0,52724.0,23.2,0.046,Florida,1350.0,True
Charlton County,277,3,GA,12968.0,40499.0,10.5,0.0406,Georgia,100.0,True
Chatham County,18765,529,GA,289195.0,54165.0,33.2,0.0406,Georgia,100.0,True
Chatham County,17,225,NC,73139.0,73703.0,41.3,0.0070999999999999995,North Carolina,301.0,True
Chattahoochee County,1049,12094,GA,10684.0,46869.0,33.4,0.0406,Georgia,100.0,True
Chattooga County,13,72,GA,24790.0,39513.0,9.8,0.0406,Georgia,100.0,True
Chautauqua County,52210,1059,NY,127939.0,45689.0,21.7,0.2709,New York,127.0,True
Chautauqua County,52210,1059,NY,127939.0,45689.0,21.7,0.0073,New York,127.0,True
Cheboygan County,164,5,MI,25413.0,48589.0,20.5,0.0125,Michigan,0.0,True
Cherokee County,31031,343,GA,254149.0,82733.0,37.0,0.0406,Georgia,100.0,True
Cherokee County,3354,47,SC,57078.0,42542.0,13.8,0.0039000000000000003,South Carolina,187.0,True
Cheshire County,5658,213,NH,76493.0,60251.0,32.6,0.0098,New Hampshire,13.0,True
Chester County,3110,72,PA,522046.0,99224.0,51.8,0.0051,Pennsylvania,0.0,True
Chester County,1068,15,SC,32251.0,42116.0,13.7,0.0039000000000000003,South Carolina,187.0,True
Chesterfield County,3868,618,VA,348556.0,80734.0,39.9,0.0034000000000000002,Virginia,112.0,True
Chippewa County,149,3,MI,37517.0,47380.0,21.0,0.0125,Michigan,0.0,True
Churchill County,6,3,NV,24440.0,58429.0,17.5,0.0106,Nevada,0.0,True
Citrus County,39772,825,FL,147929.0,41556.0,17.6,0.046,Florida,1350.0,True
Clackamas County,2413,1599,OR,416075.0,81061.0,36.8,0.0054,Oregon,296.0,True
Clallam County,3950,386,WA,76737.0,57183.0,26.1,0.0033,Washington,157.0,True
Clarendon County,4092,223,SC,33700.0,36722.0,15.5,0.0039000000000000003,South Carolina,187.0,True
Clarion County,972,217,PA,38779.0,46284.0,22.7,0.0051,Pennsylvania,0.0,True
Clark County,1963,299,NV,2231647.0,57155.0,23.9,0.0106,Nevada,0.0,True
Clark County,3924,484,WA,481857.0,73971.0,29.8,0.0033,Washington,157.0,True
Clarke County,508,411,GA,127330.0,42112.0,42.7,0.0406,Georgia,100.0,True
Clatsop County,81661,4117,OR,39764.0,53806.0,24.6,0.0054,Oregon,296.0,True
Clay County,373,14,FL,216072.0,62835.0,24.1,0.046,Florida,1350.0,True
Clay County,1,1,IN,26170.0,52699.0,16.8,0.0254,Indiana,0.0,True
Clay County,724,9,MO,246365.0,68943.0,32.7,0.0124,Missouri,0.0,True
Clayton County,364,276,GA,289615.0,46059.0,19.5,0.0406,Georgia,100.0,True
Clearfield County,631,29,PA,79388.0,46706.0,14.3,0.0051,Pennsylvania,0.0,True
Clermont County,10,1,OH,205466.0,65280.0,28.0,0.0060999999999999995,Ohio,0.0,True
Cleveland County,16,3,OK,281669.0,62343.0,32.5,0.0058,Oklahoma,0.0,True
Clinton County,730,230,PA,38684.0,50999.0,19.0,0.0051,Pennsylvania,0.0,True
Cobb County,6862,1438,GA,756865.0,78603.0,46.5,0.0406,Georgia,100.0,True
Coconino County,76,394,AZ,142854.0,60187.0,35.6,0.2139,Arizona,0.0,True
Coffee County,374,62,GA,43093.0,39480.0,13.2,0.0406,Georgia,100.0,True
Colleton County,26538,1315,SC,37660.0,39079.0,15.2,0.0039000000000000003,South Carolina,187.0,True
Collier County,41528,3179,FL,378488.0,70649.0,36.2,0.046,Florida,1350.0,True
Collin County,518,1164,TX,1005146.0,96936.0,51.7,0.0036,Texas,367.0,True
Colquitt County,10,14,GA,45592.0,38633.0,12.5,0.0406,Georgia,100.0,True
Columbia County,659,26,GA,154291.0,82184.0,35.1,0.0406,Georgia,100.0,True
Columbia County,67,1,NY,59916.0,64916.0,31.3,0.2709,New York,127.0,True
Columbia County,67,1,NY,59916.0,64916.0,31.3,0.0073,New York,127.0,True
Columbia County,1170,102,OR,52377.0,63338.0,17.8,0.0054,Oregon,296.0,True
Columbia County,6715,275,PA,65456.0,50774.0,22.5,0.0051,Pennsylvania,0.0,True
Columbus County,962,16,NC,55655.0,36862.0,13.1,0.0070999999999999995,North Carolina,301.0,True
Colusa County,1148,137,CA,21627.0,57249.0,15.4,0.08130000000000001,California,840.0,True
Comal County,52,1,TX,148373.0,76523.0,35.3,0.0036,Texas,367.0,True
Contra Costa County,147690,6394,CA,1150215.0,101463.0,41.7,0.08130000000000001,California,840.0,True
Cook County,79,2,GA,17162.0,38827.0,15.5,0.0406,Georgia,100.0,True
Cook County,515665,8083,IL,5180493.0,63347.0,38.0,0.0278,Illinois,0.0,True
Cook County,1301,47,MN,5393.0,54465.0,42.4,0.0124,Minnesota,0.0,True
Cooke County,2553,23,TX,40574.0,52047.0,20.5,0.0036,Texas,367.0,True
Coos County,1295,54,NH,31589.0,44259.0,18.1,0.0098,New Hampshire,13.0,True
Coos County,6310,695,OR,64389.0,48352.0,17.9,0.0054,Oregon,296.0,True
Coryell County,2,61,TX,74808.0,48099.0,15.7,0.0036,Texas,367.0,True
Coweta County,88,20,GA,145864.0,70974.0,29.8,0.0406,Georgia,100.0,True
Cowlitz County,4,6,WA,108987.0,58624.0,16.6,0.0033,Washington,157.0,True
Craven County,3815,75,NC,102912.0,50748.0,25.7,0.0070999999999999995,North Carolina,301.0,True
Crawford County,100,1470,PA,85063.0,50805.0,20.8,0.0051,Pennsylvania,0.0,True
Crisp County,441,75,GA,22601.0,36096.0,13.7,0.0406,Georgia,100.0,True
Culpeper County,2586,177,VA,51859.0,72111.0,24.7,0.0034000000000000002,Virginia,112.0,True
Cumberland County,93485,1765,ME,293557.0,71586.0,46.7,0.018000000000000002,Maine,228.0,True
Cumberland County,1703,249,NJ,150972.0,51790.0,14.7,0.0078000000000000005,New Jersey,130.0,True
Cumberland County,6280,700,PA,251423.0,71695.0,35.8,0.0051,Pennsylvania,0.0,True
Cumberland County,4400,33,VA,9809.0,46300.0,17.5,0.0034000000000000002,Virginia,112.0,True
Currituck County,4624,79,NC,27072.0,64426.0,23.1,0.0070999999999999995,North Carolina,301.0,True
Curry County,12986,712,OR,22813.0,48788.0,24.0,0.0054,Oregon,296.0,True
Cuyahoga County,170755,1593,OH,1243857.0,50006.0,31.9,0.0060999999999999995,Ohio,0.0,True
Dade County,1060,58,GA,16226.0,48779.0,13.9,0.0406,Georgia,100.0,True
Dallas County,3018,2587,TX,2637772.0,59838.0,30.7,0.0036,Texas,367.0,True
Dane County,2357,73,WI,542364.0,71789.0,50.7,0.0027,Wisconsin,0.0,True
Dare County,57828,1903,NC,36501.0,64768.0,33.0,0.0070999999999999995,North Carolina,301.0,True
Dauphin County,7386,289,PA,277097.0,57979.0,30.5,0.0051,Pennsylvania,0.0,True
Davidson County,100,1,NC,166614.0,47758.0,18.5,0.0070999999999999995,North Carolina,301.0,True
Davis County,10,1,UT,351713.0,84381.0,37.5,0.0034999999999999996,Utah,0.0,True
Dawson County,183,24,GA,25083.0,68835.0,30.4,0.0406,Georgia,100.0,True
Del Norte County,2745,576,CA,27828.0,48518.0,14.3,0.08130000000000001,California,840.0,True
Delaware County,7941,134,NY,44527.0,47382.0,21.9,0.2709,New York,127.0,True
Delaware County,7941,134,NY,44527.0,47382.0,21.9,0.0073,New York,127.0,True
Delaware County,7113,52,OH,204826.0,103536.0,54.4,0.0060999999999999995,Ohio,0.0,True
Delaware County,2672,304,PA,564751.0,71961.0,38.3,0.0051,Pennsylvania,0.0,True
Delta County,3077,19,MI,35857.0,49292.0,21.5,0.0125,Michigan,0.0,True
Denton County,665,3125,TX,859064.0,88384.0,44.5,0.0036,Texas,367.0,True
Deschutes County,8630,305,OR,191996.0,67372.0,34.2,0.0054,Oregon,296.0,True
Dixie County,90,2,FL,16700.0,37148.0,9.4,0.046,Florida,1350.0,True
Door County,3,3,WI,27610.0,61221.0,32.1,0.0027,Wisconsin,0.0,True
Dorchester County,600,19,MD,31998.0,48682.0,20.8,0.0138,Maryland,31.0,True
Dorchester County,2977,135,SC,160647.0,65468.0,27.9,0.0039000000000000003,South Carolina,187.0,True
Dougherty County,1,169,GA,91243.0,38806.0,21.4,0.0406,Georgia,100.0,True
Douglas County,1884,334,CO,342776.0,120670.0,57.9,0.07980000000000001,Colorado,0.0,True
Douglas County,1,40,GA,145331.0,60512.0,27.1,0.0406,Georgia,100.0,True
Douglas County,2150,203,OR,110283.0,47020.0,17.2,0.0054,Oregon,296.0,True
Douglas County,17983,577,WI,43208.0,50637.0,24.0,0.0027,Wisconsin,0.0,True
Dukes County,134,2,MA,17352.0,70224.0,44.2,0.0137,Massachusetts,192.0,True
Durham County,701,9,NC,316739.0,59329.0,47.5,0.0070999999999999995,North Carolina,301.0,True
Dutchess County,563,22,NY,293718.0,79604.0,35.2,0.2709,New York,127.0,True
Dutchess County,563,22,NY,293718.0,79604.0,35.2,0.0073,New York,127.0,True
Duval County,38346,771,FL,950181.0,55733.0,29.2,0.046,Florida,1350.0,True
Eagle County,1708,20,CO,54993.0,86896.0,48.1,0.07980000000000001,Colorado,0.0,True
East Baton Rouge Parish,4400,88,LA,440956.0,52945.0,34.7,0.02,Louisiana,397.0,True
Eastland County,1,26,TX,18322.0,44773.0,13.3,0.0036,Texas,367.0,True
Ector County,3,1352,TX,162124.0,60431.0,15.6,0.0036,Texas,367.0,True
Effingham County,2,40,GA,62190.0,65793.0,20.1,0.0406,Georgia,100.0,True
El Dorado County,498,85,CA,190678.0,81869.0,33.7,0.08130000000000001,California,840.0,True
El Paso County,14585,7345,CO,713856.0,67923.0,37.9,0.07980000000000001,Colorado,0.0,True
El Paso County,0,1,TX,840758.0,43948.0,22.8,0.0036,Texas,367.0,True
Elbert County,793,405,GA,19120.0,39681.0,10.8,0.0406,Georgia,100.0,True
Elk County,634,216,PA,30169.0,54876.0,18.6,0.0051,Pennsylvania,0.0,True
Ellis County,5,5,TX,179436.0,76792.0,23.1,0.0036,Texas,367.0,True
Emmet County,1989,20,MI,33308.0,58891.0,33.7,0.0125,Michigan,0.0,True
Erie County,61939,3763,NY,919719.0,56375.0,33.7,0.2709,New York,127.0,True
Erie County,61939,3763,NY,919719.0,56375.0,33.7,0.0073,New York,127.0,True
Erie County,4446,66,OH,74615.0,53135.0,22.7,0.0060999999999999995,Ohio,0.0,True
Erie County,165339,6608,PA,272061.0,48453.0,27.7,0.0051,Pennsylvania,0.0,True
Escambia County,39720,668,FL,315534.0,50644.0,26.4,0.046,Florida,1350.0,True
Essex County,121762,2164,MA,790638.0,76373.0,39.4,0.0137,Massachusetts,192.0,True
Essex County,4348,147,NJ,799767.0,62875.0,34.8,0.0078000000000000005,New Jersey,130.0,True
Fairfax County,177982,2812,VA,1150795.0,122035.0,61.1,0.0034000000000000002,Virginia,112.0,True
Fairfield County,119998,2674,CT,943823.0,91183.0,47.4,0.048600000000000004,Connecticut,96.0,True
Fairfield County,55,7,SC,22402.0,39522.0,17.0,0.0039000000000000003,South Carolina,187.0,True
Fannin County,4495,215,GA,25964.0,43439.0,21.3,0.0406,Georgia,100.0,True
Fayette County,1621,75,GA,113459.0,95021.0,46.5,0.0406,Georgia,100.0,True
Fayette County,1829,48,PA,130441.0,50381.0,16.2,0.0051,Pennsylvania,0.0,True
Flagler County,3510,47,FL,112067.0,58975.0,24.4,0.046,Florida,1350.0,True
Florence County,317,113,SC,138159.0,47949.0,23.1,0.0039000000000000003,South Carolina,187.0,True
Floyd County,4660,206,GA,97927.0,44906.0,20.4,0.0406,Georgia,100.0,True
Forsyth County,365,1262,GA,236612.0,105921.0,51.7,0.0406,Georgia,100.0,True
Forsyth County,10,51,NC,379099.0,50112.0,33.8,0.0070999999999999995,North Carolina,301.0,True
Fort Bend County,135,830,TX,787858.0,92310.0,46.1,0.0036,Texas,367.0,True
Franklin County,20603,393,FL,11736.0,40297.0,17.1,0.046,Florida,1350.0,True
Franklin County,766237,921,MA,70963.0,58992.0,37.2,0.0137,Massachusetts,192.0,True
Franklin County,208,6,OH,1310300.0,60383.0,39.3,0.0060999999999999995,Ohio,0.0,True
Franklin County,1,30,PA,154835.0,60744.0,21.0,0.0051,Pennsylvania,0.0,True
Franklin County,1476,264,VA,56195.0,53522.0,20.5,0.0034000000000000002,Virginia,112.0,True
Frederick County,992,13,MD,255648.0,95196.0,40.6,0.0138,Maryland,31.0,True
Fresno County,9133,322,CA,994400.0,52318.0,20.7,0.08130000000000001,California,840.0,True
Fulton County,3616,564,GA,1050114.0,70808.0,51.4,0.0406,Georgia,100.0,True
Fulton County,0,1,NY,53591.0,51388.0,17.8,0.2709,New York,127.0,True
Fulton County,0,1,NY,53591.0,51388.0,17.8,0.0073,New York,127.0,True
Gadsden County,5399,81,FL,45894.0,42259.0,16.7,0.046,Florida,1350.0,True
Galveston County,333368,7250,TX,337890.0,71959.0,30.0,0.0036,Texas,367.0,True
Gaston County,509,56,NC,222846.0,52798.0,20.6,0.0070999999999999995,North Carolina,301.0,True
Georgetown County,11821,474,SC,62249.0,46058.0,27.2,0.0039000000000000003,South Carolina,187.0,True
Gila County,227,15,AZ,53889.0,43585.0,18.5,0.2139,Arizona,0.0,True
Glenn County,2068,118,CA,28047.0,47365.0,13.9,0.08130000000000001,California,840.0,True
Gloucester County,111,2,NJ,291408.0,81315.0,31.9,0.0078000000000000005,New Jersey,130.0,True
Gloucester County,12684,97,VA,37349.0,70938.0,22.8,0.0034000000000000002,Virginia,112.0,True
Glynn County,5987,307,GA,85219.0,53906.0,29.6,0.0406,Georgia,100.0,True
Gogebic County,130,1,MI,15096.0,39934.0,19.8,0.0125,Michigan,0.0,True
Grady County,82,18,GA,24748.0,41002.0,14.1,0.0406,Georgia,100.0,True
Grafton County,6576,115,NH,89786.0,65163.0,40.5,0.0098,New Hampshire,13.0,True
Graham County,16,104,AZ,38072.0,50157.0,15.3,0.2139,Arizona,0.0,True
Grand Traverse County,17726,226,MI,92573.0,64591.0,35.1,0.0125,Michigan,0.0,True
Grays Harbor County,9054,1053,WA,73901.0,48763.0,15.8,0.0033,Washington,157.0,True
Grayson County,31,108,TX,133991.0,51403.0,20.5,0.0036,Texas,367.0,True
Greene County,1,180,GA,17698.0,54016.0,25.8,0.0406,Georgia,100.0,True
Greene County,1,1,MO,291923.0,44799.0,30.2,0.0124,Missouri,0.0,True
Greene County,3719,100,NC,21012.0,43591.0,10.5,0.0070999999999999995,North Carolina,301.0,True
Greene County,404,13,TN,69087.0,44366.0,15.3,0.0039000000000000003,Tennessee,0.0,True
Greenville County,3473,296,SC,514213.0,61162.0,34.2,0.0039000000000000003,South Carolina,187.0,True
Gregg County,5,344,TX,123707.0,50610.0,20.8,0.0036,Texas,367.0,True
Guilford County,29,1779,NC,533670.0,52166.0,35.3,0.0070999999999999995,North Carolina,301.0,True
Gulf County,2843,53,FL,16164.0,45426.0,17.7,0.046,Florida,1350.0,True
Gwinnett County,3347,839,GA,927781.0,72008.0,36.1,0.0406,Georgia,100.0,True
Habersham County,2749,70,GA,45388.0,51829.0,18.7,0.0406,Georgia,100.0,True
Hale County,3,10,TX,33830.0,42782.0,16.5,0.0036,Texas,367.0,True
Hall County,401,81,GA,202148.0,61631.0,24.0,0.0406,Georgia,100.0,True
Hamilton County,224,8,IN,330086.0,101740.0,57.8,0.0254,Indiana,0.0,True
Hamilton County,2001,43,NY,4434.0,59020.0,19.3,0.2709,New York,127.0,True
Hamilton County,2001,43,NY,4434.0,59020.0,19.3,0.0073,New York,127.0,True
Hamilton County,548,2,OH,816684.0,57300.0,37.1,0.0060999999999999995,Ohio,0.0,True
Hamilton County,1139,12,TN,364286.0,57196.0,31.2,0.0039000000000000003,Tennessee,0.0,True
Hamilton County,3,156,TX,8484.0,49210.0,21.7,0.0036,Texas,367.0,True
Hampden County,196396,376,MA,470406.0,52682.0,27.2,0.0137,Massachusetts,192.0,True
Hampshire County,206115,613,MA,161355.0,74456.0,46.5,0.0137,Massachusetts,192.0,True
Hampton County,200,25,SC,19351.0,35871.0,11.4,0.0039000000000000003,South Carolina,187.0,True
Hancock County,101935,22060,GA,8348.0,31716.0,8.8,0.0406,Georgia,100.0,True
Hancock County,11593,233,ME,54811.0,52148.0,32.3,0.018000000000000002,Maine,228.0,True
Harford County,7614,95,MD,253956.0,87959.0,35.8,0.0138,Maryland,31.0,True
Harris County,27838,1199,TX,4698619.0,60241.0,31.0,0.0036,Texas,367.0,True
Hartford County,576364,770,CT,892697.0,73037.0,37.8,0.048600000000000004,Connecticut,96.0,True
Hawaii County,87704,1438,HI,200983.0,56383.0,29.5,0.029300000000000003,Hawaii,750.0,True
Hays County,2164,1278,TX,222631.0,68180.0,37.4,0.0036,Texas,367.0,True
Henderson County,100,404,NC,116748.0,54012.0,31.8,0.0070999999999999995,North Carolina,301.0,True
Henderson County,20,91,TX,82299.0,43337.0,18.2,0.0036,Texas,367.0,True
Hennepin County,404,14,MN,1259428.0,76067.0,49.2,0.0124,Minnesota,0.0,True
Henrico County,5805,81,VA,329261.0,68581.0,42.9,0.0034000000000000002,Virginia,112.0,True
Henry County,452,56,GA,230220.0,72970.0,28.3,0.0406,Georgia,100.0,True
Henry County,477,2,OH,27086.0,57705.0,18.0,0.0060999999999999995,Ohio,0.0,True
Henry County,1400,19,VA,50953.0,36471.0,12.8,0.0034000000000000002,Virginia,112.0,True
Hernando County,2721,47,FL,190865.0,45884.0,17.5,0.046,Florida,1350.0,True
Hidalgo County,302,713,TX,865939.0,38785.0,18.4,0.0036,Texas,367.0,True
Highlands County,1718,34,FL,105424.0,39994.0,17.0,0.046,Florida,1350.0,True
Hill County,6,2,TX,36354.0,48670.0,17.1,0.0036,Texas,367.0,True
Hillsborough County,282277,9705,FL,1436888.0,58361.0,32.7,0.046,Florida,1350.0,True
Hillsborough County,37,1,NH,415247.0,78714.0,37.3,0.0098,New Hampshire,13.0,True
Hockley County,5,110,TX,22980.0,46764.0,14.0,0.0036,Texas,367.0,True
Hood River County,1709,37,OR,23428.0,66607.0,31.6,0.0054,Oregon,296.0,True
Horry County,90575,2046,SC,344147.0,49082.0,23.6,0.0039000000000000003,South Carolina,187.0,True
Houghton County,11111,785,MI,36219.0,42282.0,33.2,0.0125,Michigan,0.0,True
Howard County,1492,38,MD,323196.0,116719.0,61.4,0.0138,Maryland,31.0,True
Howard County,1,12,TX,36459.0,50423.0,12.3,0.0036,Texas,367.0,True
Hudson County,14188,236,NJ,676061.0,73337.0,40.9,0.0078000000000000005,New Jersey,130.0,True
Humboldt County,51824,2446,CA,136373.0,49471.0,29.8,0.08130000000000001,California,840.0,True
Hunt County,10,5,TX,96493.0,53360.0,19.3,0.0036,Texas,367.0,True
Hunterdon County,1257,118,NJ,124714.0,112335.0,52.0,0.0078000000000000005,New Jersey,130.0,True
Huntingdon County,510,491,PA,45168.0,49019.0,16.9,0.0051,Pennsylvania,0.0,True
Huron County,2696,77,MI,31166.0,45817.0,15.5,0.0125,Michigan,0.0,True
Hyde County,195,13,NC,5230.0,40653.0,9.4,0.0070999999999999995,North Carolina,301.0,True
Indian River County,141139,3801,FL,157413.0,58228.0,28.3,0.046,Florida,1350.0,True
Indiana County,1,1,PA,84501.0,47999.0,22.6,0.0051,Pennsylvania,0.0,True
Ingham County,168,3,MI,292735.0,52837.0,38.5,0.0125,Michigan,0.0,True
Inyo County,11022,65,CA,17987.0,53793.0,26.1,0.08130000000000001,California,840.0,True
Iosco County,1504,20,MI,25081.0,41256.0,16.3,0.0125,Michigan,0.0,True
Iredell County,42,6,NC,178435.0,60044.0,27.5,0.0070999999999999995,North Carolina,301.0,True
Iron County,60,5,UT,52775.0,51393.0,29.1,0.0034999999999999996,Utah,0.0,True
Isabella County,175,7,MI,70562.0,47056.0,29.2,0.0125,Michigan,0.0,True
Island County,1944,92,WA,84460.0,65987.0,33.0,0.0033,Washington,157.0,True
Jackson County,294,135,GA,70422.0,68984.0,21.0,0.0406,Georgia,100.0,True
Jackson County,5848,88,MO,700307.0,55864.0,30.9,0.0124,Missouri,0.0,True
Jackson County,298,1,NC,43327.0,44502.0,30.5,0.0070999999999999995,North Carolina,301.0,True
Jackson County,157,772,OR,219564.0,55511.0,27.4,0.0054,Oregon,296.0,True
James City County,1582,47,VA,76397.0,86541.0,49.6,0.0034000000000000002,Virginia,112.0,True
Jasper County,1621,13,GA,14040.0,51241.0,10.8,0.0406,Georgia,100.0,True
Jasper County,1863,90,TX,35872.0,47551.0,12.4,0.0036,Texas,367.0,True
Jeff Davis County,5,18,TX,2252.0,51343.0,35.1,0.0036,Texas,367.0,True
Jefferson County,313,20,CO,580233.0,85550.0,44.1,0.07980000000000001,Colorado,0.0,True
Jefferson County,13,2,IN,32208.0,51031.0,17.9,0.0254,Indiana,0.0,True
Jefferson County,9981,156,NY,111755.0,52798.0,22.3,0.2709,New York,127.0,True
Jefferson County,9981,156,NY,111755.0,52798.0,22.3,0.0073,New York,127.0,True
Jefferson County,19359,362,TX,255001.0,48121.0,19.6,0.0036,Texas,367.0,True
Jefferson County,4584,340,WA,31729.0,55893.0,41.8,0.0033,Washington,157.0,True
Jefferson County,66,1,WI,85129.0,65831.0,24.8,0.0027,Wisconsin,0.0,True
Jefferson Parish,46960,901,LA,434051.0,50871.0,26.1,0.02,Louisiana,397.0,True
Johnson County,2,330,TX,171361.0,62635.0,18.3,0.0036,Texas,367.0,True
Johnston County,246,8,NC,202675.0,60296.0,21.8,0.0070999999999999995,North Carolina,301.0,True
Josephine County,24,171,OR,87393.0,46578.0,17.2,0.0054,Oregon,296.0,True
Juneau County,0,1,WI,26617.0,52891.0,13.6,0.0027,Wisconsin,0.0,True
Juniata County,202,51,PA,24704.0,54342.0,14.2,0.0051,Pennsylvania,0.0,True
Kalamazoo County,1,1,MI,264870.0,55881.0,38.1,0.0125,Michigan,0.0,True
Kauai County,1490,45,HI,72133.0,73981.0,29.5,0.029300000000000003,Hawaii,750.0,True
Kaufman County,15,28,TX,128622.0,67434.0,20.7,0.0036,Texas,367.0,True
Kenai Peninsula Borough,51034,1313,AK,58533.0,65439.0,23.3,0.2351,Alaska,6640.0,True
Kenedy County,1116,7,TX,442.0,42153.0,6.8,0.0036,Texas,367.0,True
Kennebec County,83,1,ME,122083.0,52154.0,27.1,0.018000000000000002,Maine,228.0,True
Kenosha County,8451,100,WI,169290.0,65013.0,25.7,0.0027,Wisconsin,0.0,True
Kent County,4382,364,MD,19383.0,55514.0,34.2,0.0138,Maryland,31.0,True
Kent County,0,1,MI,653786.0,61675.0,35.2,0.0125,Michigan,0.0,True
Kent County,87455,1325,RI,163861.0,69089.0,32.1,0.005,Rhode Island,40.0,True
Kenton County,129,3,KY,166051.0,64644.0,30.4,0.021,Kentucky,0.0,True
Kern County,14091,218,CA,896764.0,51586.0,16.1,0.08130000000000001,California,840.0,True
Kershaw County,318,2,SC,65592.0,52270.0,19.9,0.0039000000000000003,South Carolina,187.0,True
Kewaunee County,4135,358,WI,20383.0,63612.0,19.1,0.0027,Wisconsin,0.0,True
Keweenaw County,8393,93,MI,2113.0,51641.0,30.4,0.0125,Michigan,0.0,True
King County,153057,3923,WA,2233163.0,94822.0,51.4,0.0033,Washington,157.0,True
Kings County,2,118,CA,151366.0,58255.0,13.5,0.08130000000000001,California,840.0,True
Kings County,184086,3618,NY,2582830.0,60862.0,36.5,0.2709,New York,127.0,True
Kings County,184086,3618,NY,2582830.0,60862.0,36.5,0.0073,New York,127.0,True
Kitsap County,15774,819,WA,269805.0,76530.0,32.2,0.0033,Washington,157.0,True
Klamath County,0,42,OR,67653.0,45374.0,19.4,0.0054,Oregon,296.0,True
Kleberg County,15587,350,TX,31129.0,42605.0,24.8,0.0036,Texas,367.0,True
Knox County,8319,331,ME,39771.0,56678.0,31.0,0.018000000000000002,Maine,228.0,True
Knox County,1808,8,TN,465289.0,55874.0,36.7,0.0039000000000000003,Tennessee,0.0,True
La Crosse County,13,1,WI,118230.0,60619.0,34.3,0.0027,Wisconsin,0.0,True
LaPorte County,3939,473,IN,110007.0,52095.0,17.9,0.0254,Indiana,0.0,True
Lake County,1838,113,CA,64382.0,45086.0,15.8,0.08130000000000001,California,840.0,True
Lake County,0,1,FL,356495.0,52447.0,22.7,0.046,Florida,1350.0,True
Lake County,25553,555,IL,700832.0,87336.0,45.0,0.0278,Illinois,0.0,True
Lake County,21396,935,IN,484411.0,55280.0,22.1,0.0254,Indiana,0.0,True
Lake County,477,13,MN,10658.0,61015.0,29.8,0.0124,Minnesota,0.0,True
Lake County,32303,539,OH,230514.0,65883.0,27.9,0.0060999999999999995,Ohio,0.0,True
Lancaster County,741,251,PA,543557.0,66270.0,26.9,0.0051,Pennsylvania,0.0,True
Lancaster County,231,22,SC,95380.0,58035.0,26.9,0.0039000000000000003,South Carolina,187.0,True
Lancaster County,2115,50,VA,10783.0,52814.0,30.9,0.0034000000000000002,Virginia,112.0,True
Lane County,5073,1193,OR,379611.0,53161.0,29.6,0.0054,Oregon,296.0,True
Lanier County,331,8,GA,10340.0,41564.0,16.4,0.0406,Georgia,100.0,True
Larimer County,8,1,CO,350518.0,71306.0,46.3,0.07980000000000001,Colorado,0.0,True
Lassen County,2386,88,CA,30802.0,57705.0,12.0,0.08130000000000001,California,840.0,True
Laurens County,1,85,GA,47325.0,42114.0,15.6,0.0406,Georgia,100.0,True
Laurens County,1946,10,SC,66994.0,42099.0,15.4,0.0039000000000000003,South Carolina,187.0,True
Lawrence County,404,180,PA,86184.0,48418.0,21.4,0.0051,Pennsylvania,0.0,True
Lea County,1,1,NM,69611.0,51656.0,13.0,0.0077,New Mexico,0.0,True
Lebanon County,185,2,PA,141314.0,61087.0,20.3,0.0051,Pennsylvania,0.0,True
Lee County,37593,1710,FL,754610.0,56343.0,27.8,0.046,Florida,1350.0,True
Lee County,84,26,SC,17142.0,33199.0,12.3,0.0039000000000000003,South Carolina,187.0,True
Lee County,191,42,VA,23541.0,34796.0,11.4,0.0034000000000000002,Virginia,112.0,True
Leelanau County,2072,31,MI,21764.0,67349.0,42.8,0.0125,Michigan,0.0,True
Lehigh County,353,666,PA,368100.0,62139.0,29.4,0.0051,Pennsylvania,0.0,True
Leon County,2155,461,FL,292502.0,51046.0,45.7,0.046,Florida,1350.0,True
Levy County,30544,535,FL,40770.0,39037.0,12.6,0.046,Florida,1350.0,True
Lewis County,5765,102,NY,26447.0,52660.0,16.3,0.2709,New York,127.0,True
Lewis County,5765,102,NY,26447.0,52660.0,16.3,0.0073,New York,127.0,True
Lexington County,538,15,SC,295032.0,60627.0,30.1,0.0039000000000000003,South Carolina,187.0,True
Liberty County,26970,1403,GA,61497.0,47685.0,18.3,0.0406,Georgia,100.0,True
Lincoln County,9234,322,ME,34342.0,56211.0,32.7,0.018000000000000002,Maine,228.0,True
Lincoln County,34001,3400,OR,49388.0,49265.0,24.1,0.0054,Oregon,296.0,True
Linn County,295,192,OR,127335.0,54292.0,19.5,0.0054,Oregon,296.0,True
Litchfield County,446,47,CT,181111.0,76304.0,35.1,0.048600000000000004,Connecticut,96.0,True
Livingston County,60,8,MI,191224.0,84048.0,34.8,0.0125,Michigan,0.0,True
Llano County,53,37,TX,21646.0,54019.0,25.7,0.0036,Texas,367.0,True
Long County,72,7,GA,18998.0,46428.0,15.5,0.0406,Georgia,100.0,True
Lorain County,10432,238,OH,309461.0,59265.0,24.0,0.0060999999999999995,Ohio,0.0,True
Los Angeles County,491499,40387,CA,10105518.0,67986.0,31.8,0.08130000000000001,California,840.0,True
Loudon County,70,3,TN,53054.0,58186.0,26.3,0.0039000000000000003,Tennessee,0.0,True
Loudoun County,2715,258,VA,406850.0,140382.0,60.8,0.0034000000000000002,Virginia,112.0,True
Lowndes County,7,228,GA,116321.0,41820.0,25.6,0.0406,Georgia,100.0,True
Lubbock County,26,37,TX,307412.0,50377.0,29.1,0.0036,Texas,367.0,True
Lucas County,227987,3886,OH,429899.0,47865.0,26.3,0.0060999999999999995,Ohio,0.0,True
Luce County,723,21,MI,6283.0,43196.0,16.3,0.0125,Michigan,0.0,True
Lumpkin County,2389,88,GA,32955.0,55583.0,26.2,0.0406,Georgia,100.0,True
Luzerne County,618,387,PA,317646.0,53469.0,23.2,0.0051,Pennsylvania,0.0,True
Lycoming County,1,8,PA,113664.0,53820.0,22.8,0.0051,Pennsylvania,0.0,True
Mackinac County,104,3,MI,10787.0,46645.0,21.8,0.0125,Michigan,0.0,True
Macomb County,3545,28,MI,874759.0,62191.0,24.5,0.0125,Michigan,0.0,True
Madera County,0,17,CA,157672.0,53632.0,14.5,0.08130000000000001,California,840.0,True
Madison County,564,34,GA,29650.0,51338.0,18.0,0.0406,Georgia,100.0,True
Madison County,40,4,IL,264461.0,60121.0,25.8,0.0278,Illinois,0.0,True
Manatee County,72224,4119,FL,394855.0,59587.0,29.3,0.046,Florida,1350.0,True
Manistee County,8680,86,MI,24528.0,47401.0,20.0,0.0125,Michigan,0.0,True
Manitowoc County,22240,491,WI,79074.0,56466.0,19.9,0.0027,Wisconsin,0.0,True
Marathon County,89,2,WI,135428.0,63442.0,25.6,0.0027,Wisconsin,0.0,True
Maricopa County,43886,1878,AZ,4410824.0,65234.0,32.0,0.2139,Arizona,0.0,True
Marin County,188784,5270,CA,259666.0,122933.0,58.8,0.08130000000000001,California,840.0,True
Marion County,222,40,IN,954670.0,48409.0,30.4,0.0254,Indiana,0.0,True
Marion County,23,154,OR,346868.0,56408.0,22.8,0.0054,Oregon,296.0,True
Marion County,4,2,SC,31039.0,34365.0,14.4,0.0039000000000000003,South Carolina,187.0,True
Mariposa County,3973,95,CA,17471.0,51402.0,23.4,0.08130000000000001,California,840.0,True
Marlboro County,1720,26,SC,26398.0,33534.0,9.4,0.0039000000000000003,South Carolina,187.0,True
Marquette County,6646,69,MI,66516.0,54093.0,31.5,0.0125,Michigan,0.0,True
Martin County,75789,2604,FL,160912.0,61592.0,33.0,0.046,Florida,1350.0,True
Mason County,14801,182,MI,29100.0,51083.0,23.2,0.0125,Michigan,0.0,True
Mason County,1227,25,WA,65507.0,58239.0,18.0,0.0033,Washington,157.0,True
Matagorda County,13735,182,TX,36552.0,48830.0,16.7,0.0036,Texas,367.0,True
Maui County,154734,2321,HI,167207.0,78503.0,26.6,0.029300000000000003,Hawaii,750.0,True
McCulloch County,21,86,TX,7987.0,42719.0,19.0,0.0036,Texas,367.0,True
McHenry County,13,1,IL,308570.0,86268.0,33.7,0.0278,Illinois,0.0,True
McIntosh County,640,40,GA,14340.0,42513.0,15.6,0.0406,Georgia,100.0,True
McKean County,3,3,PA,40968.0,46529.0,18.1,0.0051,Pennsylvania,0.0,True
McLennan County,4,503,TX,254607.0,48858.0,23.7,0.0036,Texas,367.0,True
McLeod County,6,2,MN,35873.0,61959.0,17.9,0.0124,Minnesota,0.0,True
Mecklenburg County,13744,26,NC,1093901.0,64509.0,44.8,0.0070999999999999995,North Carolina,301.0,True
Mecosta County,169,1,MI,43545.0,45804.0,21.9,0.0125,Michigan,0.0,True
Medina County,2025,112,OH,179146.0,76475.0,33.3,0.0060999999999999995,Ohio,0.0,True
Mendocino County,36930,924,CA,87606.0,51386.0,24.7,0.08130000000000001,California,840.0,True
Mercer County,1,56,NJ,369811.0,79979.0,42.0,0.0078000000000000005,New Jersey,130.0,True
Mercer County,3,11,PA,110683.0,48788.0,22.6,0.0051,Pennsylvania,0.0,True
Merrimack County,100,2,NH,151132.0,74351.0,35.6,0.0098,New Hampshire,13.0,True
Miami-Dade County,440343,10446,FL,2761581.0,52043.0,28.8,0.046,Florida,1350.0,True
Middlesex County,298905,728,CT,162682.0,88709.0,41.5,0.048600000000000004,Connecticut,96.0,True
Middlesex County,22822,429,MA,1614714.0,100374.0,55.2,0.0137,Massachusetts,192.0,True
Middlesex County,7637,297,NJ,829685.0,87666.0,42.7,0.0078000000000000005,New Jersey,130.0,True
Middlesex County,546,14,VA,10769.0,54871.0,21.8,0.0034000000000000002,Virginia,112.0,True
Midland County,162,160,MI,83209.0,58057.0,34.0,0.0125,Michigan,0.0,True
Midland County,10,1069,TX,172578.0,80189.0,27.4,0.0036,Texas,367.0,True
Mifflin County,462,101,PA,46222.0,47648.0,12.5,0.0051,Pennsylvania,0.0,True
Milwaukee County,87411,1870,WI,948201.0,49771.0,30.5,0.0027,Wisconsin,0.0,True
Mohave County,54,19,AZ,209550.0,45129.0,12.9,0.2139,Arizona,0.0,True
Monmouth County,43757,1544,NJ,621354.0,99223.0,44.9,0.0078000000000000005,New Jersey,130.0,True
Mono County,14685,223,CA,14250.0,66499.0,30.6,0.08130000000000001,California,840.0,True
Monroe County,54912,1434,FL,75027.0,67094.0,33.3,0.046,Florida,1350.0,True
Monroe County,497,1495,GA,27520.0,59362.0,26.3,0.0406,Georgia,100.0,True
Monroe County,9843,98,MI,150439.0,62522.0,19.1,0.0125,Michigan,0.0,True
Monroe County,47566,560,NY,742474.0,60240.0,37.7,0.2709,New York,127.0,True
Monroe County,47566,560,NY,742474.0,60240.0,37.7,0.0073,New York,127.0,True
Monterey County,64797,9525,CA,435594.0,69665.0,24.5,0.08130000000000001,California,840.0,True
Montgomery County,3099,142,MD,1052567.0,107758.0,59.0,0.0138,Maryland,31.0,True
Montgomery County,78,4,NY,49455.0,43799.0,17.5,0.2709,New York,127.0,True
Montgomery County,78,4,NY,49455.0,43799.0,17.5,0.0073,New York,127.0,True
Montgomery County,1885,37,NC,27271.0,47757.0,14.7,0.0070999999999999995,North Carolina,301.0,True
Montgomery County,490,5,OH,532331.0,51071.0,27.4,0.0060999999999999995,Ohio,0.0,True
Montgomery County,5630,2015,PA,828604.0,90155.0,48.7,0.0051,Pennsylvania,0.0,True
Montgomery County,2584,88,TX,590925.0,77598.0,34.7,0.0036,Texas,367.0,True
Moore County,175,1,NC,98682.0,59471.0,36.9,0.0070999999999999995,North Carolina,301.0,True
Morgan County,943,96,GA,18853.0,57978.0,20.8,0.0406,Georgia,100.0,True
Morris County,4140,24,NJ,494228.0,112396.0,53.6,0.0078000000000000005,New Jersey,130.0,True
Mower County,50,1,MN,40011.0,53387.0,21.7,0.0124,Minnesota,0.0,True
Multnomah County,20694,1926,OR,811880.0,70756.0,44.5,0.0054,Oregon,296.0,True
Muscogee County,4,8068,GA,194160.0,46628.0,26.2,0.0406,Georgia,100.0,True
Muskegon County,41629,716,MI,173588.0,49960.0,19.1,0.0125,Michigan,0.0,True
Napa County,37157,2101,CA,139417.0,85624.0,34.9,0.08130000000000001,California,840.0,True
Nassau County,6980,300,FL,85832.0,66898.0,28.2,0.046,Florida,1350.0,True
Nassau County,109434,3973,NY,1358343.0,115301.0,45.2,0.2709,New York,127.0,True
Nassau County,109434,3973,NY,1358343.0,115301.0,45.2,0.0073,New York,127.0,True
Nevada County,25010,599,CA,99696.0,66681.0,36.6,0.08130000000000001,California,840.0,True
New Hanover County,65109,1150,NC,232274.0,53419.0,39.3,0.0070999999999999995,North Carolina,301.0,True
New Haven County,79285,1377,CT,857620.0,67720.0,34.9,0.048600000000000004,Connecticut,96.0,True
New Kent County,205,2,VA,22391.0,90858.0,28.4,0.0034000000000000002,Virginia,112.0,True
New London County,55494,1430,CT,266784.0,67790.0,33.3,0.048600000000000004,Connecticut,96.0,True
New York County,64530,928,NY,1628701.0,84610.0,60.8,0.2709,New York,127.0,True
New York County,64530,928,NY,1628701.0,84610.0,60.8,0.0073,New York,127.0,True
Newberry County,156,19,SC,38520.0,48029.0,17.1,0.0039000000000000003,South Carolina,187.0,True
Newport County,96630,1596,RI,82542.0,77760.0,47.9,0.005,Rhode Island,40.0,True
Newton County,2849,463,GA,109541.0,56598.0,19.6,0.0406,Georgia,100.0,True
Niagara County,15180,557,NY,210433.0,55013.0,23.8,0.2709,New York,127.0,True
Niagara County,15180,557,NY,210433.0,55013.0,23.8,0.0073,New York,127.0,True
Norfolk County,17638,1007,MA,705388.0,100184.0,53.0,0.0137,Massachusetts,192.0,True
Northampton County,679,190,PA,304807.0,68217.0,29.2,0.0051,Pennsylvania,0.0,True
Northampton County,7094,189,VA,11735.0,43157.0,21.6,0.0034000000000000002,Virginia,112.0,True
Northumberland County,7,50,PA,91083.0,47243.0,16.0,0.0051,Pennsylvania,0.0,True
Nueces County,152306,3746,TX,362265.0,53034.0,21.5,0.0036,Texas,367.0,True
Oakland County,27,7,MI,1259201.0,80319.0,46.4,0.0125,Michigan,0.0,True
Ocean County,25114,971,NJ,601651.0,68483.0,29.2,0.0078000000000000005,New Jersey,130.0,True
Oceana County,10095,197,MI,26625.0,50374.0,18.8,0.0125,Michigan,0.0,True
Oconee County,4130,372,SC,78374.0,50529.0,24.6,0.0039000000000000003,South Carolina,187.0,True
Oglethorpe County,278,327,GA,15054.0,51105.0,16.9,0.0406,Georgia,100.0,True
Okaloosa County,50340,943,FL,207269.0,62779.0,30.6,0.046,Florida,1350.0,True
Oklahoma County,119,2,OK,792582.0,52346.0,31.8,0.0058,Oklahoma,0.0,True
Okmulgee County,3527,50,OK,38335.0,42354.0,14.1,0.0058,Oklahoma,0.0,True
Oneida County,1372,57,NY,229577.0,54096.0,24.7,0.2709,New York,127.0,True
Oneida County,1372,57,NY,229577.0,54096.0,24.7,0.0073,New York,127.0,True
Onondaga County,1223,35,NY,461809.0,59786.0,35.5,0.2709,New York,127.0,True
Onondaga County,1223,35,NY,461809.0,59786.0,35.5,0.0073,New York,127.0,True
Onslow County,2315,94,NC,197683.0,50531.0,21.4,0.0070999999999999995,North Carolina,301.0,True
Orange County,214056,24318,CA,3185968.0,89373.0,39.9,0.08130000000000001,California,840.0,True
Orange County,11943,410,FL,1380645.0,58037.0,33.8,0.046,Florida,1350.0,True
Orange County,36,2,NY,381951.0,75048.0,29.8,0.2709,New York,127.0,True
Orange County,36,2,NY,381951.0,75048.0,29.8,0.0073,New York,127.0,True
Orange County,614,8,NC,146027.0,71920.0,57.6,0.0070999999999999995,North Carolina,301.0,True
Orange County,0,1,TX,83572.0,56556.0,15.3,0.0036,Texas,367.0,True
Orleans County,4999,53,NY,40612.0,52658.0,15.9,0.2709,New York,127.0,True
Orleans County,4999,53,NY,40612.0,52658.0,15.9,0.0073,New York,127.0,True
Orleans Parish,79866,1752,LA,391006.0,38855.0,36.8,0.02,Louisiana,397.0,True
Osceola County,209,4,FL,367990.0,50473.0,20.5,0.046,Florida,1350.0,True
Ottawa County,68231,1011,MI,290494.0,70420.0,33.5,0.0125,Michigan,0.0,True
Ottawa County,2084,27,OH,40769.0,58345.0,22.4,0.0060999999999999995,Ohio,0.0,True
Outagamie County,642,72,WI,187365.0,65993.0,28.9,0.0027,Wisconsin,0.0,True
Ozaukee County,2334,56,WI,89147.0,83014.0,48.4,0.0027,Wisconsin,0.0,True
Pacific County,5050,255,WA,22036.0,46365.0,18.0,0.0033,Washington,157.0,True
Page County,1225,47,VA,23933.0,49073.0,13.9,0.0034000000000000002,Virginia,112.0,True
Palm Beach County,505300,19216,FL,1485941.0,61735.0,35.7,0.046,Florida,1350.0,True
Pamlico County,29,2,NC,12670.0,46447.0,19.4,0.0070999999999999995,North Carolina,301.0,True
Pasco County,21853,629,FL,539630.0,53788.0,23.4,0.046,Florida,1350.0,True
Passaic County,698,247,NJ,503310.0,71959.0,28.1,0.0078000000000000005,New Jersey,130.0,True
Paulding County,892,45,GA,164044.0,73309.0,24.1,0.0406,Georgia,100.0,True
Pender County,1245,29,NC,62162.0,54900.0,26.4,0.0070999999999999995,North Carolina,301.0,True
Perry County,262,96,PA,46139.0,62366.0,16.4,0.0051,Pennsylvania,0.0,True
Piatt County,95,61,IL,16396.0,67460.0,27.9,0.0278,Illinois,0.0,True
Pickens County,3157,38,SC,124937.0,48794.0,24.5,0.0039000000000000003,South Carolina,187.0,True
Pierce County,820,12,GA,19389.0,44389.0,11.9,0.0406,Georgia,100.0,True
Pierce County,22405,215,WA,891299.0,75022.0,26.4,0.0033,Washington,157.0,True
Pike County,3983,174,PA,55933.0,62657.0,28.0,0.0051,Pennsylvania,0.0,True
Pinal County,154,507,AZ,447138.0,58848.0,19.0,0.2139,Arizona,0.0,True
Pinellas County,344862,9396,FL,975280.0,52226.0,31.0,0.046,Florida,1350.0,True
Pitt County,2659,11,NC,179914.0,43303.0,31.8,0.0070999999999999995,North Carolina,301.0,True
Placer County,9692,1404,CA,393149.0,89175.0,38.6,0.08130000000000001,California,840.0,True
Platte County,500,13,MO,102985.0,82567.0,41.8,0.0124,Missouri,0.0,True
Plumas County,9655,163,CA,18804.0,55079.0,23.5,0.08130000000000001,California,840.0,True
Plymouth County,63431,941,MA,518132.0,89678.0,36.7,0.0137,Massachusetts,192.0,True
Polk County,897,68,FL,708009.0,51354.0,20.0,0.046,Florida,1350.0,True
Polk County,1,155,GA,42470.0,43679.0,12.2,0.0406,Georgia,100.0,True
Polk County,0,431,OR,85234.0,62389.0,30.1,0.0054,Oregon,296.0,True
Porter County,31158,598,IN,169594.0,69298.0,28.2,0.0254,Indiana,0.0,True
Potter County,10,10,PA,16622.0,44883.0,15.5,0.0051,Pennsylvania,0.0,True
Powhatan County,407,21,VA,29189.0,88475.0,28.8,0.0034000000000000002,Virginia,112.0,True
Prince Edward County,8870,218,VA,22950.0,48450.0,28.1,0.0034000000000000002,Virginia,112.0,True
Prince George's County,4161,64,MD,909308.0,82445.0,32.7,0.0138,Maryland,31.0,True
Prince William County,3271,1307,VA,468011.0,106200.0,40.1,0.0034000000000000002,Virginia,112.0,True
Prince of Wales-Hyder Census Area,1060,29,AK,6422.0,49356.0,17.6,0.2351,Alaska,6640.0,True
Providence County,160816,1672,RI,636084.0,56141.0,28.1,0.005,Rhode Island,40.0,True
Pueblo County,29,304,CO,167529.0,48308.0,22.0,0.07980000000000001,Colorado,0.0,True
Pulaski County,1695,18,VA,34066.0,50834.0,19.4,0.0034000000000000002,Virginia,112.0,True
Putnam County,4085,150,FL,74163.0,39578.0,12.4,0.046,Florida,1350.0,True
Putnam County,3,378,GA,21809.0,51205.0,22.2,0.0406,Georgia,100.0,True
Putnam County,7471,248,NY,98892.0,100887.0,39.9,0.2709,New York,127.0,True
Putnam County,7471,248,NY,98892.0,100887.0,39.9,0.0073,New York,127.0,True
Queen Anne's County,57465,648,MD,50251.0,93751.0,34.9,0.0138,Maryland,31.0,True
Queens County,86257,1766,NY,2278906.0,68432.0,31.5,0.2709,New York,127.0,True
Queens County,86257,1766,NY,2278906.0,68432.0,31.5,0.0073,New York,127.0,True
Rabun County,1,30,GA,16867.0,44213.0,24.8,0.0406,Georgia,100.0,True
Racine County,27426,1279,WI,196584.0,60349.0,24.7,0.0027,Wisconsin,0.0,True
Rains County,1,4,TX,12159.0,47572.0,11.7,0.0036,Texas,367.0,True
Ramsey County,30,13,MN,550210.0,62937.0,41.9,0.0124,Minnesota,0.0,True
Randall County,19,1,TX,136271.0,69600.0,32.0,0.0036,Texas,367.0,True
Randolph County,53673,4369,NC,143351.0,48372.0,15.8,0.0070999999999999995,North Carolina,301.0,True
Refugio County,7564,99,TX,7032.0,44821.0,11.8,0.0036,Texas,367.0,True
Rensselaer County,679,29,NY,159442.0,71084.0,30.1,0.2709,New York,127.0,True
Rensselaer County,679,29,NY,159442.0,71084.0,30.1,0.0073,New York,127.0,True
Richland County,14526,301,SC,414576.0,52611.0,37.7,0.0039000000000000003,South Carolina,187.0,True
Richmond County,2493,91,GA,201554.0,40168.0,21.3,0.0406,Georgia,100.0,True
Richmond County,24938,729,NY,476179.0,79719.0,33.0,0.2709,New York,127.0,True
Richmond County,24938,729,NY,476179.0,79719.0,33.0,0.0073,New York,127.0,True
Richmond County,818,20,VA,9038.0,49399.0,15.7,0.0034000000000000002,Virginia,112.0,True
Rio Blanco County,1407,20,CO,6336.0,63411.0,20.2,0.07980000000000001,Colorado,0.0,True
Rio Grande County,364,2,CO,11250.0,44171.0,23.7,0.07980000000000001,Colorado,0.0,True
Riverside County,29129,830,CA,2450758.0,66793.0,21.8,0.08130000000000001,California,840.0,True
Roane County,258,5,TN,53140.0,54440.0,19.5,0.0039000000000000003,Tennessee,0.0,True
Rock County,395,4,MN,9414.0,63503.0,23.0,0.0124,Minnesota,0.0,True
Rock County,51,1,WI,163129.0,57675.0,21.8,0.0027,Wisconsin,0.0,True
Rockbridge County,1,1,VA,22752.0,53413.0,26.5,0.0034000000000000002,Virginia,112.0,True
Rockdale County,31,452,GA,90594.0,59673.0,26.5,0.0406,Georgia,100.0,True
Rockingham County,113680,2965,NH,309176.0,93645.0,40.7,0.0098,New Hampshire,13.0,True
Rockland County,1560,30,NY,325695.0,88960.0,40.6,0.2709,New York,127.0,True
Rockland County,1560,30,NY,325695.0,88960.0,40.6,0.0073,New York,127.0,True
Rowan County,155,18,NC,141262.0,46864.0,18.7,0.0070999999999999995,North Carolina,301.0,True
Runnels County,2,15,TX,10234.0,42205.0,18.3,0.0036,Texas,367.0,True
Rusk County,2,5,TX,54450.0,49788.0,14.5,0.0036,Texas,367.0,True
Russell County,25,47,VA,26748.0,38966.0,13.5,0.0034000000000000002,Virginia,112.0,True
Rutherford County,430,23,TN,324890.0,64170.0,32.0,0.0039000000000000003,Tennessee,0.0,True
Sacramento County,8884,3162,CA,1540975.0,69475.0,30.4,0.08130000000000001,California,840.0,True
Sagadahoc County,19530,654,ME,35634.0,65969.0,35.5,0.018000000000000002,Maine,228.0,True
Saginaw County,871,168,MI,190800.0,48805.0,21.1,0.0125,Michigan,0.0,True
Salem County,2459,21,NJ,62607.0,64524.0,20.9,0.0078000000000000005,New Jersey,130.0,True
Salt Lake County,371,27,UT,1152633.0,73619.0,34.5,0.0034999999999999996,Utah,0.0,True
San Benito County,3,157,CA,61537.0,80063.0,19.7,0.08130000000000001,California,840.0,True
San Bernardino County,3487,943,CA,2171603.0,63310.0,20.3,0.08130000000000001,California,840.0,True
San Diego County,524734,27949,CA,3343364.0,78777.0,38.1,0.08130000000000001,California,840.0,True
San Joaquin County,54667,2586,CA,752660.0,63567.0,18.4,0.08130000000000001,California,840.0,True
San Juan County,4042,71,WA,17128.0,62249.0,48.6,0.0033,Washington,157.0,True
San Luis Obispo County,174260,7968,CA,284010.0,70626.0,34.6,0.08130000000000001,California,840.0,True
San Mateo County,34054,14020,CA,769545.0,122930.0,49.9,0.08130000000000001,California,840.0,True
San Patricio County,11048,216,TX,66893.0,53559.0,14.9,0.0036,Texas,367.0,True
San Saba County,10,1650,TX,6054.0,43827.0,14.4,0.0036,Texas,367.0,True
Santa Barbara County,98363,6026,CA,446527.0,75646.0,33.8,0.08130000000000001,California,840.0,True
Santa Clara County,11310,6018,CA,1937570.0,125933.0,51.3,0.08130000000000001,California,840.0,True
Santa Cruz County,78,189,AZ,46511.0,40545.0,21.0,0.2139,Arizona,0.0,True
Santa Cruz County,75503,5929,CA,274255.0,84213.0,40.0,0.08130000000000001,California,840.0,True
Santa Rosa County,30367,1157,FL,179349.0,69541.0,28.1,0.046,Florida,1350.0,True
Sarasota County,14665,843,FL,426718.0,61652.0,34.7,0.046,Florida,1350.0,True
Schenectady County,1138,11,NY,155350.0,63297.0,31.4,0.2709,New York,127.0,True
Schenectady County,1138,11,NY,155350.0,63297.0,31.4,0.0073,New York,127.0,True
Schoolcraft County,971,169,MI,8068.0,44887.0,15.8,0.0125,Michigan,0.0,True
Scott County,29,3,MN,147381.0,101427.0,39.3,0.0124,Minnesota,0.0,True
Scott County,484,37,VA,21534.0,40161.0,14.4,0.0034000000000000002,Virginia,112.0,True
Seminole County,1752,28,FL,467832.0,67187.0,38.2,0.046,Florida,1350.0,True
Shasta County,2,768,CA,180040.0,53908.0,22.2,0.08130000000000001,California,840.0,True
Sheboygan County,11633,270,WI,115456.0,61906.0,23.9,0.0027,Wisconsin,0.0,True
Shelby County,3651,17,KY,48518.0,66056.0,24.2,0.021,Kentucky,0.0,True
Shelby County,9460,85,TN,935764.0,47924.0,31.1,0.0039000000000000003,Tennessee,0.0,True
Shenandoah County,22,36,VA,43497.0,55283.0,20.1,0.0034000000000000002,Virginia,112.0,True
Sierra County,539,47,CA,2987.0,52308.0,18.7,0.08130000000000001,California,840.0,True
Siskiyou County,164,26,CA,43724.0,47560.0,22.5,0.08130000000000001,California,840.0,True
Skagit County,2640,56,WA,128206.0,70955.0,26.3,0.0033,Washington,157.0,True
Smith County,5,337,TX,230221.0,56848.0,25.8,0.0036,Texas,367.0,True
Smyth County,5457,208,VA,30472.0,40972.0,14.3,0.0034000000000000002,Virginia,112.0,True
Snohomish County,8285,224,WA,814901.0,87096.0,31.9,0.0033,Washington,157.0,True
Solano County,151878,7708,CA,446610.0,82808.0,26.2,0.08130000000000001,California,840.0,True
Somerset County,2836,140,MD,25675.0,42098.0,15.7,0.0138,Maryland,31.0,True
Somerset County,143,11,NJ,331164.0,119731.0,54.5,0.0078000000000000005,New Jersey,130.0,True
Somerset County,0,20,PA,73952.0,50504.0,15.5,0.0051,Pennsylvania,0.0,True
Sonoma County,12100,2282,CA,499942.0,81002.0,34.9,0.08130000000000001,California,840.0,True
Southampton County,4639,67,VA,17586.0,52741.0,17.8,0.0034000000000000002,Virginia,112.0,True
Spalding County,61,380,GA,66100.0,43510.0,16.4,0.0406,Georgia,100.0,True
Spartanburg County,1941,280,SC,313888.0,53567.0,23.8,0.0039000000000000003,South Carolina,187.0,True
Spokane County,130,8,WA,514631.0,59408.0,30.4,0.0033,Washington,157.0,True
Spotsylvania County,999,128,VA,134238.0,86695.0,31.5,0.0034000000000000002,Virginia,112.0,True
Stafford County,54,1756,VA,149960.0,108421.0,39.8,0.0034000000000000002,Virginia,112.0,True
Stanislaus County,91,69,CA,549815.0,59616.0,16.9,0.08130000000000001,California,840.0,True
Stark County,12123,684,OH,371574.0,52310.0,22.8,0.0060999999999999995,Ohio,0.0,True
Starr County,23022,260,TX,64525.0,30490.0,10.3,0.0036,Texas,367.0,True
Stephens County,1976,62,GA,26035.0,45850.0,22.1,0.0406,Georgia,100.0,True
Stewart County,3501,95,GA,6199.0,33053.0,11.2,0.0406,Georgia,100.0,True
Strafford County,2783,47,NH,130090.0,69919.0,35.6,0.0098,New Hampshire,13.0,True
Suffolk County,53346,1892,MA,807252.0,68743.0,44.8,0.0137,Massachusetts,192.0,True
Suffolk County,196557,5135,NY,1481093.0,100075.0,35.6,0.2709,New York,127.0,True
Suffolk County,196557,5135,NY,1481093.0,100075.0,35.6,0.0073,New York,127.0,True
Sullivan County,2806,150,NH,43144.0,60034.0,26.8,0.0098,New Hampshire,13.0,True
Sullivan County,1182,15,NY,75498.0,51985.0,23.2,0.2709,New York,127.0,True
Sullivan County,1182,15,NY,75498.0,51985.0,23.2,0.0073,New York,127.0,True
Summit County,35,2,CO,31007.0,80078.0,51.0,0.07980000000000001,Colorado,0.0,True
Summit County,123,21,OH,541918.0,58890.0,32.1,0.0060999999999999995,Ohio,0.0,True
Sumter County,1,14,GA,29733.0,37562.0,18.6,0.0406,Georgia,100.0,True
Sumter County,1282,2,SC,106512.0,45181.0,18.5,0.0039000000000000003,South Carolina,187.0,True
Surry County,138,16,VA,6474.0,54663.0,17.6,0.0034000000000000002,Virginia,112.0,True
Susquehanna County,4500,64,PA,40589.0,52573.0,17.8,0.0051,Pennsylvania,0.0,True
Sussex County,461,92,NJ,140799.0,92284.0,34.9,0.0078000000000000005,New Jersey,130.0,True
Sussex County,1,2,VA,11237.0,43031.0,12.6,0.0034000000000000002,Virginia,112.0,True
Talbot County,5035,59,MD,36968.0,64245.0,38.6,0.0138,Maryland,31.0,True
Tangipahoa Parish,0,1,LA,133777.0,47128.0,19.4,0.02,Louisiana,397.0,True
Tarrant County,3908,2020,TX,2084931.0,66059.0,31.5,0.0036,Texas,367.0,True
Taylor County,37,2,GA,8039.0,36310.0,11.2,0.0406,Georgia,100.0,True
Taylor County,118,138,TX,137640.0,48040.0,24.5,0.0036,Texas,367.0,True
Tazewell County,529,31,VA,40855.0,42074.0,15.3,0.0034000000000000002,Virginia,112.0,True
Tehama County,2533,39,CA,63916.0,47572.0,15.5,0.08130000000000001,California,840.0,True
Teller County,2,25,CO,25083.0,64850.0,34.0,0.07980000000000001,Colorado,0.0,True
Terrebonne Parish,116,4,LA,111021.0,51665.0,15.8,0.02,Louisiana,397.0,True
Thomas County,1167,98,GA,44448.0,41642.0,23.1,0.0406,Georgia,100.0,True
Thurston County,1802,74,WA,286419.0,72400.0,35.7,0.0033,Washington,157.0,True
Tillamook County,11211,2183,OR,26787.0,52486.0,21.0,0.0054,Oregon,296.0,True
Tioga County,23,32,PA,40763.0,48799.0,19.1,0.0051,Pennsylvania,0.0,True
Tolland County,1190,72,CT,150921.0,89584.0,41.2,0.048600000000000004,Connecticut,96.0,True
Tompkins County,18,1,NY,102793.0,57383.0,52.7,0.2709,New York,127.0,True
Tompkins County,18,1,NY,102793.0,57383.0,52.7,0.0073,New York,127.0,True
Travis County,1886,124,TX,1248743.0,76255.0,48.6,0.0036,Texas,367.0,True
Trempealeau County,0,7,WI,29442.0,56978.0,19.4,0.0027,Wisconsin,0.0,True
Trinity County,1,55,CA,12535.0,40680.0,19.7,0.08130000000000001,California,840.0,True
Tulare County,2,2,CA,465861.0,48763.0,14.3,0.08130000000000001,California,840.0,True
Tulsa County,1572,30,OK,648360.0,55796.0,31.2,0.0058,Oklahoma,0.0,True
Tuolumne County,18,3,CA,54539.0,56500.0,20.0,0.08130000000000001,California,840.0,True
Tyler County,55,250,TX,21696.0,44041.0,12.5,0.0036,Texas,367.0,True
Ulster County,11958,339,NY,178599.0,63073.0,32.2,0.2709,New York,127.0,True
Ulster County,11958,339,NY,178599.0,63073.0,32.2,0.0073,New York,127.0,True
Umatilla County,881,19,OR,77516.0,53917.0,16.2,0.0054,Oregon,296.0,True
Union County,116,2,IL,16841.0,49716.0,22.8,0.0278,Illinois,0.0,True
Union County,11461,476,NJ,558067.0,80737.0,35.1,0.0078000000000000005,New Jersey,130.0,True
Union County,8,1,NC,235908.0,80428.0,34.8,0.0070999999999999995,North Carolina,301.0,True
Upson County,1,65,GA,26215.0,40965.0,13.7,0.0406,Georgia,100.0,True
Upton County,18,126,TX,3671.0,53867.0,9.9,0.0036,Texas,367.0,True
Van Buren County,11503,147,MI,75448.0,57363.0,20.9,0.0125,Michigan,0.0,True
Venango County,12,21,PA,51266.0,45761.0,17.6,0.0051,Pennsylvania,0.0,True
Ventura County,211416,10017,CA,850967.0,84170.0,33.1,0.08130000000000001,California,840.0,True
Volusia County,243346,3940,FL,547538.0,50285.0,23.6,0.046,Florida,1350.0,True
Wahkiakum County,7,1,WA,4426.0,55692.0,19.0,0.0033,Washington,157.0,True
Wake County,17537,2283,NC,1092305.0,80169.0,51.8,0.0070999999999999995,North Carolina,301.0,True
Wakulla County,14706,821,FL,32461.0,58203.0,18.4,0.046,Florida,1350.0,True
Waldo County,9804,650,ME,39694.0,49482.0,29.6,0.018000000000000002,Maine,228.0,True
Walton County,44314,1167,FL,71375.0,60973.0,28.4,0.046,Florida,1350.0,True
Walton County,1711,363,GA,93503.0,65416.0,19.9,0.0406,Georgia,100.0,True
Ware County,1791,62,GA,35680.0,38357.0,13.9,0.0406,Georgia,100.0,True
Warren County,9,4,KY,131264.0,53478.0,30.6,0.021,Kentucky,0.0,True
Warren County,3,1,NJ,105779.0,77571.0,31.8,0.0078000000000000005,New Jersey,130.0,True
Warren County,215,803,PA,39498.0,50554.0,19.3,0.0051,Pennsylvania,0.0,True
Warren County,1979,95,VA,40003.0,65635.0,21.1,0.0034000000000000002,Virginia,112.0,True
Wasatch County,401,51,UT,33240.0,85380.0,40.6,0.0034999999999999996,Utah,0.0,True
Wasco County,0,31,OR,26505.0,52269.0,20.5,0.0054,Oregon,296.0,True
Washington County,18073,548,ME,31490.0,39522.0,20.8,0.018000000000000002,Maine,228.0,True
Washington County,88,4,MD,150926.0,62556.0,21.4,0.0138,Maryland,31.0,True
Washington County,15,3,MN,259201.0,95840.0,43.2,0.0124,Minnesota,0.0,True
Washington County,6451,454,OR,597695.0,82819.0,43.7,0.0054,Oregon,296.0,True
Washington County,1477,35,PA,207346.0,63119.0,29.5,0.0051,Pennsylvania,0.0,True
Washington County,153284,3439,RI,126179.0,86715.0,45.0,0.005,Rhode Island,40.0,True
Washington County,3,35,TX,35108.0,54332.0,25.0,0.0036,Texas,367.0,True
Washington County,3,1,UT,171700.0,57069.0,27.7,0.0034999999999999996,Utah,0.0,True
Washington County,5238,539,VA,54402.0,45510.0,22.5,0.0034000000000000002,Virginia,112.0,True
Washington County,4511,198,WI,135693.0,75799.0,30.7,0.0027,Wisconsin,0.0,True
Washington Parish,210,100,LA,46582.0,36850.0,11.7,0.02,Louisiana,397.0,True
Washoe County,9,28,NV,465735.0,63636.0,30.5,0.0106,Nevada,0.0,True
Washtenaw County,2207,93,MI,370963.0,72267.0,55.2,0.0125,Michigan,0.0,True
Waukesha County,142,3,WI,403072.0,87333.0,43.8,0.0027,Wisconsin,0.0,True
Wayne County,184,68,GA,29808.0,44607.0,12.9,0.0406,Georgia,100.0,True
Wayne County,22857,298,MI,1753893.0,46440.0,23.3,0.0125,Michigan,0.0,True
Wayne County,3207,55,NY,90064.0,61118.0,22.3,0.2709,New York,127.0,True
Wayne County,3207,55,NY,90064.0,61118.0,22.3,0.0073,New York,127.0,True
Wayne County,4284,195,NC,123248.0,41572.0,19.5,0.0070999999999999995,North Carolina,301.0,True
Wayne County,7,4,PA,51276.0,53602.0,20.4,0.0051,Pennsylvania,0.0,True
Westchester County,61379,1446,NY,967612.0,94521.0,48.2,0.2709,New York,127.0,True
Westchester County,61379,1446,NY,967612.0,94521.0,48.2,0.0073,New York,127.0,True
Westmoreland County,606,170,PA,350611.0,58398.0,28.5,0.0051,Pennsylvania,0.0,True
Westmoreland County,8032,54,VA,17830.0,51414.0,20.3,0.0034000000000000002,Virginia,112.0,True
Wharton County,23,0,TX,41619.0,48040.0,17.1,0.0036,Texas,367.0,True
Whatcom County,11007,304,WA,225685.0,62262.0,33.9,0.0033,Washington,157.0,True
Wheeler County,0,5,OR,1366.0,39579.0,14.0,0.0054,Oregon,296.0,True
Whitfield County,68,299,GA,104062.0,47074.0,15.7,0.0406,Georgia,100.0,True
Whitman County,16602,49,WA,49791.0,45389.0,49.5,0.0033,Washington,157.0,True
Wichita County,1,1,TX,132064.0,47477.0,23.0,0.0036,Texas,367.0,True
Wicomico County,1382,136,MD,103195.0,54313.0,26.8,0.0138,Maryland,31.0,True
Wilkes County,3,8,GA,9876.0,39361.0,12.6,0.0406,Georgia,100.0,True
Wilkinson County,478,20,GA,9036.0,41036.0,10.6,0.0406,Georgia,100.0,True
Will County,7360,142,IL,692310.0,86108.0,34.0,0.0278,Illinois,0.0,True
Willacy County,419,10,TX,21515.0,33171.0,10.1,0.0036,Texas,367.0,True
Williamsburg County,56,3,SC,30606.0,32814.0,12.7,0.0039000000000000003,South Carolina,187.0,True
Williamson County,356,23,TN,231729.0,115930.0,59.0,0.0039000000000000003,Tennessee,0.0,True
Williamson County,102,1100,TX,566719.0,87817.0,41.1,0.0036,Texas,367.0,True
Windham County,849,40,CT,117027.0,65182.0,24.1,0.048600000000000004,Connecticut,96.0,True
Winn Parish,636,131,LA,14134.0,40133.0,14.4,0.02,Louisiana,397.0,True
Winnebago County,4010,124,WI,171020.0,57785.0,27.3,0.0027,Wisconsin,0.0,True
Wood County,60377,571,OH,130696.0,64282.0,33.1,0.0060999999999999995,Ohio,0.0,True
Worcester County,8844,196,MD,51823.0,59266.0,30.4,0.0138,Maryland,31.0,True
Worcester County,108,6,MA,830839.0,71767.0,35.9,0.0137,Massachusetts,192.0,True
Yamhill County,12,24,OR,107002.0,61776.0,26.5,0.0054,Oregon,296.0,True
Yavapai County,3,61,AZ,231993.0,48758.0,25.2,0.2139,Arizona,0.0,True
Yolo County,18408,2631,CA,220408.0,67804.0,41.6,0.08130000000000001,California,840.0,True
York County,51594,1527,ME,206229.0,65984.0,31.4,0.018000000000000002,Maine,228.0,True
York County,344,472,PA,448273.0,65238.0,24.2,0.0051,Pennsylvania,0.0,True
York County,288,22,SC,274118.0,64904.0,32.0,0.0039000000000000003,South Carolina,187.0,True
York County,231,7,VA,67846.0,86317.0,45.4,0.0034000000000000002,Virginia,112.0,True
Yuba County,1079,362,CA,78041.0,47504.0,16.7,0.08130000000000001,California,840.0,True
